<?xml version="1.0" encoding="UTF-8"?>
<config xmlns="http://www.knime.org/2008/09/XMLConfig" xmlns:xsi="http://www.w3.org/2001/XMLSchema-instance" xsi:schemaLocation="http://www.knime.org/2008/09/XMLConfig http://www.knime.org/XMLConfig_2008_09.xsd" key="filestore">
    <config key="filestore_keys">
        <config key="filestore_key_0">
            <entry key="storeUUID" type="xstring" value="7560396f-ccb2-45e4-8385-712571eecddb"/>
            <entry key="index" type="xint" value="0"/>
            <entry key="name" type="xstring" value="2916f8c9-0215-4240-a103-a6fc18a62b30.h5"/>
            <entry key="iterationIndex" type="xint" value="-1"/>
        </config>
    </config>
</config>
