<?xml version="1.0" encoding="UTF-8"?>
<workflow-metadata content-type="text/plain" xmlns="http://www.knime.org/core/node/workflow/metadata/v1.0">
    <author>kathrinmelcher</author>
    <created>2018-06-20T12:00:01.000+02:00</created>
    <last-modified>2020-01-10T10:50:25.000-06:00</last-modified>
    <description>Sentiment Analysis

This workflow shows how to train a simple neural network for text classification, in this case sentiment analysis. The used network learns a 128 dimensional word embedding followed by an LSTM.

This example is adapted from the following Keras example script:
https://github.com/keras-team/keras/blob/master/examples/imdb_lstm.py

In order to run the example, please make sure you have the following KNIME extensions installed:

* KNIME Deep Learning - Keras Integration (Labs)

You also need a local Python installation that includes Keras. Please refer to https://www.knime.com/deeplearning#keras for installation recommendations and further information.</description>
    <tags>
        <tag>deep learning</tag>
        <tag>keras</tag>
        <tag>text classification</tag>
        <tag>classification</tag>
        <tag>lstm</tag>
        <tag>embedding</tag>
        <tag>text analysis</tag>
        <tag>sequence analysis</tag>
        <tag>sentiment analysis</tag>
        <tag>sequence classification</tag>
        <tag>neural network</tag>
        <tag>text processing</tag>
        <tag>NLP</tag>
        <tag>Natural Language Processing</tag>
    </tags>
</workflow-metadata>