<?xml version="1.0" encoding="UTF-8"?>
<config xmlns="http://www.knime.org/2008/09/XMLConfig" xmlns:xsi="http://www.w3.org/2001/XMLSchema-instance" xsi:schemaLocation="http://www.knime.org/2008/09/XMLConfig http://www.knime.org/XMLConfig_2008_09.xsd" key="filestore">
    <config key="filestore_keys">
        <config key="filestore_key_0">
            <entry key="storeUUID" type="xstring" value="e55e73ec-43ee-4b30-a0d4-bae7f2151bd9"/>
            <entry key="index" type="xint" value="0"/>
            <entry key="name" type="xstring" value="f7ac5b97-0e44-4eff-a16b-06a3f54d3fbd"/>
            <entry key="iterationIndex" type="xint" value="-1"/>
        </config>
    </config>
</config>
