<?xml version="1.0" encoding="UTF-8"?>
<config xmlns="http://www.knime.org/2008/09/XMLConfig" xmlns:xsi="http://www.w3.org/2001/XMLSchema-instance" xsi:schemaLocation="http://www.knime.org/2008/09/XMLConfig http://www.knime.org/XMLConfig_2008_09.xsd" key="filestore">
    <config key="filestore_keys">
        <config key="filestore_key_0">
            <entry key="storeUUID" type="xstring" value="f1e86b3a-66c1-4dd9-8390-3dbea689a01a"/>
            <entry key="index" type="xint" value="0"/>
            <entry key="name" type="xstring" value="d09bf04a-eb3a-4318-abeb-d3c3ac1fb920.h5"/>
            <entry key="iterationIndex" type="xint" value="-1"/>
        </config>
    </config>
</config>
