<?xml version="1.0" encoding="UTF-8"?>
<config xmlns="http://www.knime.org/2008/09/XMLConfig" xmlns:xsi="http://www.w3.org/2001/XMLSchema-instance" xsi:schemaLocation="http://www.knime.org/2008/09/XMLConfig http://www.knime.org/XMLConfig_2008_09.xsd" key="filestore">
    <config key="filestore_keys">
        <config key="filestore_key_0">
            <entry key="storeUUID" type="xstring" value="558cb6f5-bdba-4507-bfbd-9329688275ed"/>
            <entry key="index" type="xint" value="0"/>
            <entry key="name" type="xstring" value="297d5feb-881d-4b5b-85a2-da763bda6a0b.h5"/>
            <entry key="iterationIndex" type="xint" value="-1"/>
        </config>
    </config>
</config>
